src_ip,dst_ip,src_port,dst_port,protocol,length
172.28.30.210,172.28.31.255,137,137,"(17, 20)",78
172.28.30.210,172.28.31.255,137,137,"(17, 20)",78
172.28.30.210,172.28.31.255,137,137,"(17, 20)",78
172.28.30.210,172.28.31.255,137,137,"(17, 20)",78
172.28.30.210,172.28.31.255,137,137,"(17, 20)",78
172.28.30.210,172.28.31.255,137,137,"(17, 20)",78
172.28.30.210,172.28.31.255,138,138,"(17, 20)",202
172.28.30.210,172.28.31.255,137,137,"(17, 20)",78
172.28.30.210,172.28.31.255,137,137,"(17, 20)",78
172.28.30.210,172.28.31.255,137,137,"(17, 20)",78
172.28.30.210,172.28.31.255,138,138,"(17, 20)",202
172.28.30.210,172.28.31.255,137,137,"(17, 20)",78
172.28.30.210,172.28.31.255,138,138,"(17, 20)",202
172.28.30.210,172.28.31.255,137,137,"(17, 20)",78
172.28.30.210,172.28.31.255,137,137,"(17, 20)",78
172.28.30.210,172.28.31.255,137,137,"(17, 20)",78
172.28.30.210,172.28.31.255,137,137,"(17, 20)",78
172.28.30.210,172.28.31.255,138,138,"(17, 20)",202
172.28.30.210,172.28.31.255,137,137,"(17, 20)",78
172.28.30.210,172.28.31.255,137,137,"(17, 20)",78
172.28.30.210,172.28.31.255,138,138,"(17, 20)",202
172.28.30.210,172.28.31.255,137,137,"(17, 20)",78
172.28.30.210,172.28.31.255,137,137,"(17, 20)",78
172.28.30.210,172.28.31.255,137,137,"(17, 20)",78
172.28.30.210,172.28.31.255,137,137,"(17, 20)",78
172.28.30.210,172.28.31.255,137,137,"(17, 20)",78
172.28.30.210,172.28.31.255,137,137,"(17, 20)",78
172.28.30.210,172.28.31.255,138,138,"(17, 20)",202
172.28.30.210,172.28.31.255,137,137,"(17, 20)",78
172.28.30.210,172.28.31.255,137,137,"(17, 20)",78
172.28.30.210,172.28.31.255,137,137,"(17, 20)",78
172.28.30.210,172.28.31.255,138,138,"(17, 20)",202
172.28.30.210,172.28.31.255,137,137,"(17, 20)",78
172.28.30.210,172.28.31.255,138,138,"(17, 20)",202
172.28.30.210,172.28.31.255,137,137,"(17, 20)",78
172.28.30.210,172.28.31.255,137,137,"(17, 20)",78
172.28.30.210,172.28.31.255,137,137,"(17, 20)",78
172.28.30.210,172.28.31.255,137,137,"(17, 20)",78
172.28.30.210,172.28.31.255,138,138,"(17, 20)",202
172.28.30.210,172.28.31.255,137,137,"(17, 20)",78
172.28.30.210,172.28.31.255,138,138,"(17, 20)",202
172.28.30.210,172.28.31.255,138,138,"(17, 20)",202
172.28.30.210,172.28.31.255,138,138,"(17, 20)",202
172.28.30.210,172.28.31.255,137,137,"(17, 20)",78
172.28.30.210,172.28.31.255,138,138,"(17, 20)",202
172.28.30.210,172.28.31.255,137,137,"(17, 20)",78
172.28.30.210,172.28.31.255,137,137,"(17, 20)",78
172.28.30.210,172.28.31.255,137,137,"(17, 20)",78
172.28.30.210,172.28.31.255,138,138,"(17, 20)",202
172.28.30.210,172.28.31.255,137,137,"(17, 20)",78
172.28.30.210,172.28.31.255,137,137,"(17, 20)",78
172.28.30.210,172.28.31.255,137,137,"(17, 20)",78
172.28.30.210,172.28.31.255,138,138,"(17, 20)",202
172.28.30.210,172.28.31.255,138,138,"(17, 20)",202
172.28.30.210,172.28.31.255,137,137,"(17, 20)",78
172.28.30.210,172.28.31.255,137,137,"(17, 20)",78
172.28.30.210,172.28.31.255,137,137,"(17, 20)",78
172.28.30.210,172.28.31.255,137,137,"(17, 20)",78
172.28.30.210,172.28.31.255,137,137,"(17, 20)",78
172.28.30.210,172.28.31.255,137,137,"(17, 20)",78
172.28.30.210,172.28.31.255,137,137,"(17, 20)",78
172.28.30.210,172.28.31.255,137,137,"(17, 20)",78
172.28.30.210,172.28.31.255,137,137,"(17, 20)",78
172.28.30.210,172.28.31.255,137,137,"(17, 20)",78
172.28.30.210,172.28.31.255,137,137,"(17, 20)",78
172.28.30.210,172.28.31.255,137,137,"(17, 20)",78
172.28.30.210,172.28.31.255,137,137,"(17, 20)",78
172.28.30.210,172.28.31.255,137,137,"(17, 20)",78
172.28.30.210,172.28.31.255,137,137,"(17, 20)",78
172.28.30.210,172.28.31.255,137,137,"(17, 20)",78
172.28.30.210,172.28.31.255,137,137,"(17, 20)",78
172.28.30.210,172.28.31.255,138,138,"(17, 20)",202
172.28.30.210,172.28.31.255,138,138,"(17, 20)",202
172.28.30.210,172.28.31.255,137,137,"(17, 20)",78
172.28.30.210,172.28.31.255,137,137,"(17, 20)",78
172.28.30.210,172.28.31.255,138,138,"(17, 20)",202
172.28.30.210,172.28.31.255,137,137,"(17, 20)",78
172.28.30.210,172.28.31.255,138,138,"(17, 20)",202
172.28.30.210,172.28.31.255,137,137,"(17, 20)",78
172.28.30.210,172.28.31.255,137,137,"(17, 20)",78
172.28.30.210,172.28.31.255,137,137,"(17, 20)",78
172.28.30.210,172.28.31.255,137,137,"(17, 20)",78
172.28.30.210,172.28.31.255,137,137,"(17, 20)",78
172.28.30.210,172.28.31.255,137,137,"(17, 20)",78
172.28.30.210,172.28.31.255,137,137,"(17, 20)",78
172.28.30.210,172.28.31.255,137,137,"(17, 20)",78
172.28.30.210,172.28.31.255,137,137,"(17, 20)",78
172.28.30.210,172.28.31.255,138,138,"(17, 20)",202
172.28.30.210,172.28.31.255,137,137,"(17, 20)",78
172.28.30.210,172.28.31.255,137,137,"(17, 20)",78
172.28.30.210,172.28.31.255,137,137,"(17, 20)",78
172.28.30.210,172.28.31.255,137,137,"(17, 20)",78
172.28.30.210,172.28.31.255,138,138,"(17, 20)",202
172.28.30.210,172.28.31.255,138,138,"(17, 20)",202
172.28.30.210,172.28.31.255,137,137,"(17, 20)",78
172.28.30.210,172.28.31.255,138,138,"(17, 20)",202
172.28.30.210,172.28.31.255,137,137,"(17, 20)",78
172.28.30.210,172.28.31.255,138,138,"(17, 20)",202
172.28.30.210,172.28.31.255,137,137,"(17, 20)",78
172.28.30.210,172.28.31.255,137,137,"(17, 20)",78
