Packet Size,Source IP,Destination IP,Source Port,Destination Port
593.0831723286756,47.12.62.80,27.140.145.134,1387,58449
1428.5357442943784,216.83.8.223,97.5.57.156,11382,25686
1111.3912156265374,149.81.215.229,78.69.118.120,37101,40160
918.054802085703,118.208.198.200,59.33.62.50,50721,27663
276.2270286415329,25.210.89.12,112.233.19.214,4264,18229
276.1920544874938,143.59.154.233,197.123.194.222,7689,57701
134.22123764388922,109.26.47.32,47.167.196.33,46713,33954
1305.955411373656,10.16.199.145,141.84.182.135,2960,8801
921.6167670276527,151.26.213.86,79.215.14.215,47760,29339
1076.705237804266,250.135.14.79,147.128.54.221,26562,48641
79.84751672891355,117.7.137.115,248.148.29.24,44989,27997
1456.3692856348919,176.72.242.59,82.63.202.105,13022,19340
1257.0418291606115,215.221.82.223,57.136.218.62,1906,28328
357.89171048350045,222.116.167.227,157.202.17.66,21248,37327
313.6462024502959,146.187.234.103,6.58.69.156,40715,31546
315.93653928747904,17.14.159.152,62.169.197.82,59238,23364
491.1512522913297,227.108.188.45,218.212.169.177,54787,20854
810.8968258667448,98.131.37.171,219.177.204.71,61353,14427
676.3202770310678,168.218.183.215,251.131.10.98,47500,15540
472.28225328716076,108.39.15.120,89.35.208.2,59233,52966
937.1866973474503,241.4.93.214,124.24.74.166,31849,20115
252.26609794546067,153.141.210.161,22.154.171.183,6228,8983
473.6097403760663,16.237.170.108,39.219.157.239,29909,32956
581.2246727758529,126.194.55.227,230.20.219.41,41080,31578
711.3014771147022,170.34.158.251,182.148.108.147,4227,37725
1188.5051440198697,247.13.141.18,84.227.111.66,61265,4409
339.5269841296216,160.96.227.123,158.53.34.150,3268,56812
795.6399356997368,39.46.244.29,67.134.207.27,33810,34714
909.0011248499616,190.241.221.62,10.73.225.96,50817,58265
117.3530984439967,245.236.185.16,48.70.233.187,4107,11391
930.9400352570856,184.236.239.121,100.59.252.2,22608,47529
297.2599793465727,10.158.153.103,157.196.65.83,9545,59950
144.3248098286553,84.133.65.222,154.217.10.53,51041,34356
1425.8840290173332,177.3.173.142,79.59.150.179,34565,20666
1450.1664479581111,120.158.242.68,48.149.123.248,30087,11813
1222.1761547688686,146.190.37.153,22.100.98.158,5756,36292
491.6899653013875,176.193.181.238,25.237.28.193,60722,21974
191.6245653092566,207.73.143.49,113.45.68.7,61706,26587
1042.1378884426276,121.88.196.140,49.137.164.83,53694,40673
688.2211159224219,187.250.37.61,129.138.164.73,28542,37428
226.9554405249293,229.171.124.198,237.46.106.160,40587,56206
768.0065196613417,39.184.63.46,32.6.176.166,40776,34015
99.86335561706667,88.11.62.77,145.74.114.27,30721,40089
1368.514583014234,226.153.199.52,54.178.163.244,3591,48687
425.23097332002453,4.59.72.148,251.85.127.153,17145,1374
1010.6573123132739,93.63.54.117,156.111.15.132,2698,57490
501.98106032964586,243.237.110.74,93.123.73.155,11899,19336
804.0986307078257,107.226.57.218,154.147.248.92,45364,25151
842.7299050477554,169.241.250.3,17.43.121.41,1763,58716
318.0389605120142,120.6.5.5,170.178.212.237,2569,29877
1455.89771025861,54.47.215.177,168.39.113.245,30164,38524
1173.942593873616,9.99.20.122,151.111.224.180,60627,34809
1412.2734652680742,241.61.123.234,47.63.225.249,10351,19634
1347.4996581200908,163.178.82.62,110.69.43.176,6151,24614
916.9549692760735,145.216.3.160,34.40.203.61,24355,30467
1386.7176407835193,227.230.13.120,178.195.62.58,24028,49021
178.31412797528327,125.239.89.73,161.75.16.82,42857,8194
334.1751505077605,68.142.101.98,94.48.247.138,54731,14327
115.5795689202802,11.105.184.67,82.38.127.19,11516,7231
521.7289796067332,123.220.29.137,164.187.63.77,55821,13340
613.582070049749,195.153.226.76,248.174.131.202,59119,36211
443.4560960721491,170.9.207.40,102.65.247.120,14773,7264
1251.6693882702975,25.5.139.187,91.238.8.179,64241,2917
567.2923237057045,226.216.124.207,238.234.209.73,24532,14777
457.35503904670213,38.72.251.133,253.134.107.89,10069,39114
836.9093205794603,176.90.146.198,39.113.188.28,21140,12256
254.34012621340582,37.60.176.205,97.182.37.137,19691,60436
1213.1856220933576,28.197.205.81,82.56.187.85,10545,57894
158.0984333356677,114.40.45.224,2.189.58.107,9693,57054
1480.98605807075,62.93.115.186,123.188.230.250,28326,18533
1169.7549154801532,67.56.40.98,168.164.114.252,12307,4141
338.13773822455,40.91.205.237,107.37.79.92,31959,37953
58.00706982922348,33.6.216.147,18.98.63.150,8022,65114
1232.4190712595096,80.168.92.97,139.186.185.205,29830,49315
1074.9431485790449,59.59.48.169,4.214.135.61,32648,5066
1107.0603936594316,13.107.45.89,107.54.88.68,14464,63598
1168.3420026946212,181.170.100.191,220.207.129.55,46489,38225
157.36474501443104,155.166.188.7,3.206.166.242,47525,27770
569.7753063891953,133.235.45.58,121.129.102.38,22821,15040
218.0101363114381,249.243.31.23,85.240.157.133,2293,26046
1301.4999675196107,170.138.160.107,241.202.92.21,8892,36450
953.782283899959,181.158.39.159,242.199.195.109,31275,28962
529.8021360363414,82.100.2.206,47.84.83.35,13397,44702
142.15960791473427,77.221.12.39,196.69.129.196,20011,53659
500.9243664877102,194.224.13.46,140.188.27.56,39753,65126
521.5158169387832,155.113.233.17,234.23.153.21,16758,36736
1107.928958590193,104.223.98.188,61.63.122.52,43453,62744
974.458333465059,192.88.109.163,88.153.237.55,42361,41002
1336.4584767356735,240.70.211.158,46.32.55.96,41349,57829
734.7116414848265,199.74.233.224,133.36.110.234,19088,9811
223.41165661053748,226.63.156.60,177.106.58.39,63538,3010
1084.2049414733428,79.222.37.221,80.97.113.213,9457,11966
1153.1383204945014,22.196.148.96,61.137.6.243,49445,18482
863.8519364757695,228.242.68.219,109.35.39.150,10135,13185
1167.9024109341135,192.17.12.150,169.118.5.170,39474,21713
766.0036147283665,145.138.118.193,87.209.76.215,64777,62589
807.9626026038914,22.218.120.251,208.195.158.57,49271,30187
669.9344766198969,210.50.14.192,127.214.201.29,16071,61948
86.85773377893803,175.29.204.164,239.165.87.141,9108,36799
206.44256914029145,251.227.180.125,160.46.116.239,22775,34761
95.57231924576467,204.7.29.139,112.151.45.145,17477,9796
972.7950963324815,33.134.111.79,247.104.85.194,21332,36616
505.8161725606737,160.179.203.58,229.134.108.18,39992,64769
787.4275021888191,215.26.226.174,94.150.246.33,31101,62369
1365.971387192835,226.29.4.209,158.209.126.235,44070,2235
411.47373226586865,99.141.233.39,160.170.243.206,35799,1253
645.0552384016631,15.119.29.157,122.138.239.252,59168,54460
1145.5491508874206,75.116.32.130,115.164.162.201,49594,49566
381.7573399628526,175.206.84.22,234.28.11.206,47121,15369
161.62086925174984,203.27.195.81,167.247.47.246,25527,36977
470.13960672496364,126.236.184.92,127.147.118.143,3803,32843
283.77086651830643,221.21.47.208,126.156.152.72,22328,48803
1398.061595896731,101.187.84.6,107.253.137.175,1779,17909
1221.7745503684046,147.185.197.131,33.190.225.19,40287,27732
968.435446940114,251.1.58.124,195.74.168.175,43979,1072
1313.6178557721908,166.15.162.189,234.193.157.178,56111,20974
1215.324511503716,163.64.241.25,98.243.141.246,43305,16197
320.52658538475197,24.12.18.15,129.162.93.176,52506,53231
1344.2105478104677,236.208.27.72,239.205.48.177,55881,59056
832.0462507776936,60.174.217.145,245.64.61.157,58477,50562
1220.7882249878908,93.53.8.79,39.128.88.26,18424,34761
1349.3323848890652,27.174.50.244,17.71.13.69,41139,29060
511.10503870920263,199.131.93.192,26.49.195.7,15273,59373
209.5752905651313,172.181.24.60,58.49.103.53,48671,48345
380.50598568581546,122.131.148.46,193.241.62.17,47849,6844
669.3062935080717,15.153.222.206,171.25.251.253,45849,15316
1236.121410587615,199.17.126.236,131.207.29.117,25624,4076
1298.059345721698,84.228.9.166,235.160.26.124,38730,45401
60.08058927022652,176.249.188.63,144.25.54.156,20246,24805
790.5835887374703,214.246.245.117,73.120.56.65,34529,3326
655.2459545657296,130.88.72.139,93.249.86.80,39992,3307
372.05632518255885,64.205.209.72,169.243.108.179,42163,49177
223.80478263384006,21.18.222.64,118.233.199.206,50407,43591
539.5419985352605,82.110.239.95,157.83.147.194,52093,16644
1417.2190706731528,166.32.11.45,169.173.15.131,42326,31485
518.6442514300951,217.33.252.102,139.181.174.30,30172,21774
802.2464015278808,169.136.11.214,57.232.146.179,23326,33914
1069.377490398008,179.88.41.145,128.48.194.224,3647,24207
577.2629234499763,76.121.46.160,136.22.6.204,9670,10496
1459.084019945393,207.80.54.86,239.185.104.36,14567,4751
1445.5485776660612,92.148.161.202,79.220.116.57,29984,47524
415.08432894677804,168.160.242.252,49.173.82.66,63700,58626
771.010333543959,97.2.225.33,77.45.246.79,23809,26547
486.273549234316,233.205.158.161,20.192.221.123,13841,31790
463.01871684732805,77.116.154.150,234.221.67.83,32430,38750
103.48607366407256,103.194.166.103,3.182.206.64,24480,1548
933.8682842708504,90.174.122.242,40.59.183.62,52452,10103
778.8845836818491,143.226.106.119,132.251.60.116,24801,9423
124.64418931248456,172.49.104.203,75.122.223.107,58963,61750
454.0373731430866,61.195.123.134,96.91.158.235,54050,28394
1366.9855346516479,9.6.73.103,130.62.49.137,21938,17556
397.36474146711004,223.160.41.114,92.159.124.226,30577,58177
260.0975645322735,204.8.72.178,61.248.207.48,24572,17845
759.7065024024664,92.62.84.62,153.164.136.201,64245,44186
1479.193158460371,111.251.127.7,250.58.101.112,38289,4773
400.9801436916756,203.84.208.132,173.62.39.224,61037,12377
1024.596543738524,134.58.22.154,58.244.209.99,41725,47801
1154.3484422266406,127.3.127.41,229.211.192.44,52311,29501
394.57443878897953,188.106.14.203,29.59.71.92,7751,25594
1105.9137054871965,210.246.12.87,9.127.220.134,45948,21861
583.2855424429172,12.141.25.45,157.186.145.144,51741,12461
966.8434543606902,243.122.147.55,215.223.131.21,33451,39128
968.6180806032974,238.100.173.136,64.90.36.234,17716,64394
826.8732919083998,221.119.53.183,229.245.214.62,32649,5575
180.92016657889204,32.51.44.82,170.76.170.189,25942,3847
1261.188618604395,198.146.211.150,13.11.54.16,42419,55904
515.131094209017,37.96.56.105,8.104.59.57,42160,13940
320.4518400797886,59.131.156.202,40.237.187.130,50314,61638
109.12395525440768,243.35.189.93,94.222.204.138,50369,16191
906.7947676229506,182.191.207.97,44.139.207.80,53433,42469
1032.4683246713093,135.76.49.94,81.218.2.178,16601,48660
74.05235194539142,213.159.186.189,140.115.90.23,20643,9415
792.5349345339574,24.148.37.4,146.62.224.113,47264,13682
378.41887403701,220.108.126.20,128.62.38.249,34734,30709
985.5005460937023,188.152.50.177,239.195.166.195,38412,52158
302.83132205723757,179.96.105.164,222.61.129.222,62247,24404
1051.8597202485757,250.117.98.228,173.224.156.149,55896,43455
610.7662521357793,66.79.162.164,122.110.13.155,17219,29943
1408.258483668265,6.39.170.243,100.135.22.74,28713,63251
249.40536901169023,115.186.246.125,231.181.207.207,12178,3335
544.5462090228748,12.131.237.18,132.224.23.119,40145,41017
214.53660579885414,40.21.143.225,70.216.84.250,30436,45357
1390.805746503916,99.26.8.100,101.84.204.161,22365,44062
1322.1420624024224,240.222.87.42,28.136.1.165,33042,59889
424.0153601869756,172.14.78.2,63.22.70.125,10169,14584
1006.9768667495596,119.37.69.166,149.96.163.79,43286,50780
1234.972190291763,237.41.62.246,5.60.120.46,47354,58351
855.0411768192204,60.125.111.14,178.176.134.217,53557,62216
817.9933386162094,248.231.217.84,56.110.187.248,23247,61710
400.68582180565494,130.231.70.145,232.157.199.104,3904,49757
184.99901331855386,123.89.249.28,77.230.146.2,60555,39577
1350.962849032324,66.163.229.5,8.75.225.182,22295,27017
1355.6061828868292,193.168.204.184,125.38.176.27,34337,31516
967.9971130462385,164.45.151.47,20.140.43.189,47924,22005
541.593197020616,31.139.10.195,31.91.224.61,14328,25167
556.3538831883583,118.14.80.202,202.195.109.91,35719,13091
1102.6357343618472,93.10.76.94,163.95.143.144,31249,24940
1350.8098769312369,105.1.133.20,253.13.113.35,21560,61301
1336.2753151844202,8.171.204.1,244.203.187.149,31855,42532
1180.8195414935547,57.64.118.212,243.182.203.158,50180,47445
980.9458869237172,28.121.107.165,252.48.245.35,12697,51014
172.00294924282082,175.229.204.165,86.166.159.206,22941,63894
284.36163543719,49.241.120.44,152.114.177.224,28853,63912
1352.903573364265,56.156.111.207,100.160.183.207,16396,4839
929.3221365064054,134.108.251.189,235.186.99.3,26962,32860
63.33572484411299,148.114.78.130,208.197.85.125,60188,51023
197.13373715574656,201.37.20.26,138.83.25.68,55554,38501
1012.0775652066809,29.1.119.35,61.29.127.19,56409,38299
57.339296577017095,198.229.245.59,171.194.74.61,3687,40367
283.17167455537304,69.161.241.179,171.153.20.48,61306,5797
845.6639945815499,206.12.234.20,211.87.152.139,48825,13470
1053.2480366544053,181.242.216.251,110.226.183.28,10489,31757
995.3438262787707,43.126.226.217,197.191.59.133,4350,54644
375.1904987178117,50.29.185.39,51.149.12.50,4683,11488
1082.659870953927,223.184.239.171,132.246.113.170,61313,49656
394.0111768703601,178.151.172.38,212.166.153.14,28618,22600
521.8295623309382,84.151.128.126,203.32.139.189,51307,4344
1132.412537421135,45.52.80.178,146.155.55.182,5787,11774
991.9677036184613,234.124.119.8,210.120.215.75,24145,38490
1281.373945216558,242.85.129.247,21.172.133.87,11852,54487
1003.5386938354978,8.157.96.102,169.59.89.233,48612,27596
874.0474748364338,5.239.86.175,182.202.150.83,12245,53849
185.82841335073408,34.193.55.119,65.64.71.4,12235,18972
583.1879144361786,218.171.202.158,193.143.104.204,14593,62386
434.5434331385019,114.210.145.26,150.214.242.175,32382,52016
403.7849828996712,136.47.232.113,209.93.174.142,38884,39850
1460.865304391046,76.219.72.89,178.148.178.112,7046,24539
619.9917007668026,46.196.33.1,161.119.59.43,46361,28891
1343.4675050068142,147.31.208.142,207.12.40.118,65497,61255
965.1510076960312,53.48.69.105,20.222.166.131,53335,1750
1202.4763901353901,90.190.220.194,156.184.90.94,14539,26844
778.8237850025286,242.192.198.63,13.205.66.37,7183,61828
886.5106327082207,73.161.169.89,177.230.66.36,57494,7721
764.1506560373526,176.13.73.245,182.26.75.200,47015,45702
333.10233230716454,77.159.233.203,108.168.43.150,42237,43049
1097.5555671291827,68.98.125.102,148.8.29.40,22715,13987
457.1199255392409,238.132.102.19,218.158.209.128,25928,65384
85.25815132560807,198.226.82.141,84.116.183.144,60959,50458
985.9348290653934,233.23.83.109,174.62.235.7,44814,2105
306.810485140221,75.129.88.254,208.45.187.239,4068,21293
1413.6649473117257,54.199.89.213,184.176.155.181,10636,53057
1433.1964366537518,143.65.76.250,215.88.73.163,6660,11800
1376.5533658196503,199.143.149.147,179.212.37.234,12617,32840
586.7301153703944,60.93.217.161,209.239.223.119,49971,15220
72.41209396685777,49.224.241.35,57.8.207.95,3916,53146
1396.061915752202,172.102.218.11,117.222.110.20,22696,43136
670.8670150601058,99.200.110.206,124.231.53.119,6836,16982
1451.6494876133208,74.194.174.9,12.177.17.64,32109,24393
1447.2489667794166,3.85.26.72,42.94.157.147,63665,12713
1286.863710427672,48.194.198.156,238.11.98.178,1678,18355
476.95089350089927,117.221.154.153,71.108.58.34,55657,38552
608.3917064727916,12.133.226.48,251.20.50.102,18167,60085
1284.1481736994424,37.207.44.228,216.138.160.52,56958,14460
509.5369074766026,15.43.176.87,15.229.84.131,2822,1090
295.7644826948341,70.46.242.108,37.126.249.40,38951,31749
857.3618305646078,123.171.237.21,72.40.236.56,61339,26236
1407.4244225331324,151.107.247.80,151.104.139.110,30111,58681
1059.243205178711,47.117.124.143,192.136.93.94,12642,61765
876.5886966295792,25.36.203.51,56.60.138.39,9470,34356
190.90591596761436,15.68.21.141,28.49.164.125,22670,59969
941.7604787137961,214.19.34.78,13.224.36.101,37615,26425
1485.5780826511818,125.196.240.117,26.86.4.223,49891,65017
253.12182209295983,52.238.27.157,82.192.166.127,52052,14417
801.5779959274182,239.156.35.136,88.127.120.215,61125,4694
1322.1909542955354,144.106.164.158,22.130.31.119,28224,26625
1124.1144957435965,146.2.177.77,11.220.46.96,30595,3275
1060.6728244431386,132.90.89.94,190.197.192.230,23562,46741
1068.6019217813084,203.7.95.108,10.168.128.238,41579,34596
571.262169268645,74.39.141.159,152.99.172.112,62489,28051
475.7081741835154,71.191.56.241,60.190.87.145,44988,32870
1223.5736754438446,170.189.42.184,65.247.223.223,21924,22039
1224.6644222848122,36.84.196.118,234.57.183.106,53910,10607
1307.2548619411505,7.54.129.172,181.184.226.9,59612,51411
1374.1988012068834,120.173.106.47,22.141.89.176,23380,24128
791.4464783483598,123.141.119.150,18.115.204.168,24047,13248
777.1986272964394,118.21.214.220,145.143.106.15,55532,61648
1207.528009501824,137.26.9.15,207.63.247.167,40172,57082
992.4476996277594,10.216.122.121,13.81.32.137,18416,39808
1067.85197202367,125.170.72.152,40.148.218.219,21722,31860
1203.8993706823464,208.49.154.91,213.82.77.208,43494,30323
1340.507745635471,37.68.50.152,201.191.76.172,27559,14060
540.0929774347269,19.100.60.167,38.211.188.71,52684,20957
594.5952813279188,202.89.146.147,249.227.48.18,54934,13416
186.27381276926005,164.202.225.183,144.183.39.196,36474,65006
888.5062044444522,242.69.175.49,187.89.224.62,57487,8962
102.11629700527602,227.108.226.161,232.141.109.81,34781,5165
725.1171262920673,119.149.209.150,241.229.134.211,13500,24374
836.8347203259862,176.37.143.163,77.249.188.90,42238,10570
465.4848155860124,220.199.160.11,14.95.54.132,62531,6359
906.7082278250656,138.201.78.77,252.39.72.25,5735,6101
94.22536241162167,253.185.254.153,77.160.187.230,7503,47039
104.1548736863609,2.64.35.7,191.166.120.220,32414,6635
1242.7708129565044,85.146.67.42,53.222.195.156,57140,60204
572.2764300463311,118.125.167.169,131.237.246.226,14185,41881
234.23774334523293,241.203.231.24,208.150.96.253,33176,36684
807.2527270794664,188.46.19.68,166.200.247.72,15659,60864
1166.4906519929857,218.102.42.32,62.185.6.206,41867,60951
362.9404898704226,167.109.238.36,32.99.138.131,31321,60926
953.1911899375503,232.229.97.164,187.76.177.59,21860,6601
173.75382424096358,131.73.136.97,31.93.69.190,25855,21026
124.93849569448116,123.70.169.231,52.89.127.169,2031,51735
820.4642157738145,196.13.49.60,31.254.213.250,56672,40475
833.9209263346545,130.188.5.172,84.231.127.150,27355,35299
974.2733571723995,27.160.149.8,132.13.45.127,41480,50127
1102.8324338978593,230.200.50.67,170.114.177.20,11787,29671
1464.985515220675,246.44.125.58,244.205.81.182,4932,35855
798.6355050367332,3.86.70.130,164.225.129.143,28597,53818
518.2868857648066,215.172.2.102,205.17.152.58,20211,35792
1203.0199824146202,209.35.98.215,72.242.219.109,12981,31986
442.7067643300076,30.116.8.150,23.174.72.8,5403,64437
686.5085600231723,44.186.36.197,59.218.111.187,28983,49358
163.76175294628564,77.221.31.47,13.167.229.241,17506,30607
86.75857795241339,249.55.208.106,156.217.189.16,58564,2318
1445.8402012829913,190.158.121.55,119.2.246.210,28129,16120
1262.1711747426984,144.12.145.144,145.30.103.13,1901,37857
1059.162598835862,140.136.212.3,96.242.221.238,49377,47882
642.9817694006913,144.30.237.23,94.82.13.171,19276,28352
301.27676410272636,92.115.104.118,213.94.149.112,32358,25422
276.8337118730748,5.212.104.248,55.81.168.211,20073,60121
412.85220233866323,108.65.121.30,116.143.201.180,18796,62578
846.3786638238747,149.84.198.150,202.108.223.53,52591,51779
1086.1640879150905,210.200.231.32,215.128.180.158,58937,18730
1007.2861962407103,161.245.16.204,161.57.52.137,3661,23364
455.9041505716171,38.244.226.253,182.111.1.44,8266,64908
1434.5546569616315,142.36.225.151,227.75.98.208,43049,19849
1119.9505292088643,114.237.66.105,9.32.15.140,42405,18506
853.813376141531,85.2.219.249,225.237.206.249,36675,55249
936.9950820398108,201.193.75.67,185.136.72.155,34996,59873
658.4200905202954,180.190.151.154,190.12.65.107,17952,10342
409.2099347766783,196.210.55.6,232.42.190.115,29766,42280
566.1603840443292,163.150.171.143,139.103.171.95,12855,45033
1148.8768601733352,86.60.101.244,17.225.160.250,49256,44209
70.87055851314601,234.12.239.49,221.213.85.168,51399,16598
218.30532873502855,42.166.82.173,151.56.134.86,20580,49094
116.70383093154149,35.158.216.234,178.102.165.237,26367,15674
109.0567633625067,158.206.134.67,192.243.54.200,23858,47142
1290.4178468159605,80.7.180.14,233.177.227.115,62025,29954
1070.3038961010343,73.143.149.163,139.88.49.149,47786,21195
737.5520521766215,66.91.130.163,115.194.63.104,40312,64518
191.85953294395213,210.206.20.210,83.103.156.251,34446,35888
762.843018919407,10.25.194.25,17.6.147.184,24229,12825
736.5340676318202,253.54.33.164,230.28.194.38,19854,52384
301.142711369522,95.14.65.110,119.37.115.244,56068,23396
679.0848913950609,80.54.238.125,68.214.218.177,9436,17583
627.8318648761915,180.131.227.169,43.164.58.13,4690,33358
942.9826421757139,134.25.141.117,52.58.32.209,38069,40961
970.8857937580835,226.136.149.226,105.228.247.188,21810,14312
115.69081416946455,196.25.79.68,238.83.186.252,52745,23422
593.1882912083832,173.188.12.32,99.238.104.184,6539,11718
957.4968777856427,128.96.92.141,251.28.129.170,42997,13215
779.5475749411272,31.78.20.146,210.48.40.97,27651,19075
1291.9102697230674,221.60.191.134,191.204.200.216,16222,62739
1005.1057658474703,160.93.43.254,208.114.132.166,5009,11761
286.2549192680731,130.60.151.211,236.155.137.111,46927,26275
152.3246837306233,31.243.5.211,144.184.76.31,41959,51999
981.5079533991576,162.10.89.130,216.119.142.237,30499,6171
88.44140028535162,126.11.178.253,25.34.67.250,41240,51532
899.3745928465218,159.56.207.201,152.254.118.234,54486,53248
1413.3338500661885,215.83.137.99,73.26.148.192,20427,20667
884.4375579200245,149.73.156.190,104.10.211.67,4705,39991
612.8463929994567,238.115.7.80,152.5.195.186,27043,34338
982.7679167414121,144.252.97.4,27.208.113.15,54372,39023
714.4666912126991,4.103.40.17,163.204.105.181,28610,41757
841.1443445081056,101.103.124.52,44.26.175.162,50748,19491
1415.1239727259615,221.52.164.124,215.95.178.84,43316,35832
609.8488248111227,166.231.178.63,140.215.132.87,38545,54710
1443.7263175446756,229.116.191.62,176.183.112.129,40874,2776
1362.7584308362925,253.227.7.155,246.89.66.158,37794,59983
333.89714544447986,92.214.14.199,131.122.149.217,6653,2873
150.5738862689899,229.253.86.133,84.177.116.214,28734,3666
196.12810199726866,254.183.130.62,213.190.253.225,31352,2624
76.42164719474711,219.149.246.230,116.38.253.143,13302,61764
186.94229309609617,79.149.138.215,250.250.110.180,9441,47743
1040.3598214537174,58.120.167.133,207.46.25.21,54376,21810
153.22354026733203,65.13.213.218,216.121.122.133,35789,45589
512.5146639259539,242.237.213.181,70.113.107.112,9987,21207
1275.069200905709,82.229.173.160,108.47.215.196,49576,50794
83.7443068169475,164.209.227.241,91.18.149.220,57598,2156
1230.9792997539569,188.139.191.149,227.214.104.151,38316,39283
458.6894234214299,52.183.117.26,192.195.40.242,26033,32100
221.33900005140157,254.196.34.52,138.89.180.241,63694,64692
1060.2688897780185,112.252.82.232,200.247.203.61,28699,63843
961.9671278308318,227.233.221.180,192.5.122.237,61097,39587
1322.3344196142268,157.166.42.21,181.55.37.56,37199,27715
1115.8530135156343,42.141.113.105,187.237.102.93,7755,44323
1215.0473490580305,192.17.120.137,197.73.59.240,41587,11955
458.9501302283944,169.129.130.60,2.193.104.188,12356,62644
307.28733848059807,48.29.97.10,51.30.11.220,59233,8657
1138.3913898792446,242.58.188.232,108.76.167.90,20201,64945
1219.9103719375328,21.28.203.247,205.123.200.191,24742,51663
1486.2324559009762,34.8.187.214,192.189.125.182,3935,58024
648.2956315215683,200.177.79.145,220.122.94.201,58128,38801
589.4262243995356,188.87.88.173,103.223.186.213,19823,59925
1175.7987930758954,211.69.160.172,184.239.162.247,50426,35905
544.1651333668758,193.87.101.8,31.52.89.76,16218,2068
1399.5981221251689,77.200.249.87,129.183.22.40,5975,47715
1294.6984901723672,43.129.109.179,101.111.129.65,41890,36223
672.0413396937766,152.227.152.17,249.191.234.182,29357,25387
1138.7630482976713,133.148.21.232,170.149.79.209,22697,47718
1144.0871674227894,58.159.110.228,22.166.99.237,49909,2606
199.52960981210228,139.180.143.211,208.8.190.175,41894,15398
1358.7017146853716,135.243.28.51,17.17.246.90,57433,2332
782.6159400493929,235.186.5.5,141.145.166.81,63024,22325
1248.3633258562254,94.246.96.8,240.78.173.6,6589,9817
514.071921494387,64.138.38.111,163.110.14.239,23845,2644
1348.5086813194907,224.112.220.81,72.189.143.54,26518,63248
614.3424341645365,223.136.104.153,253.27.13.241,34965,57679
65.71459464643263,73.194.207.178,159.245.248.163,61571,30907
1362.8038658079322,195.49.36.126,60.6.197.214,9648,38558
182.36568133989365,68.78.105.169,58.49.151.217,48186,55538
513.0047745061015,217.122.119.190,162.26.47.5,47048,38984
1427.589852223667,114.10.149.164,218.20.134.198,1859,40414
1428.3803630594564,140.91.232.2,59.192.242.146,60614,7117
881.4849377787649,118.13.181.160,132.17.249.14,19670,56880
966.1639576462089,95.144.32.32,206.13.135.128,59265,50276
700.2460068685637,124.226.11.10,44.119.143.19,12848,56833
475.15561896219356,15.17.168.146,63.235.239.236,38359,23283
526.5635907863782,183.201.153.232,163.81.163.147,4839,21679
1025.1517613117057,59.78.124.250,148.100.163.160,50422,34029
1140.943067684636,217.114.22.244,122.176.44.104,3453,32653
1197.7896134024804,158.212.213.172,152.61.125.145,42974,24634
1194.946307052103,32.179.174.113,71.107.50.65,61678,58208
182.24884942060103,120.149.227.122,99.32.164.141,42910,22626
766.9094418187432,32.222.119.39,198.58.128.142,45422,21433
133.46020202413422,241.12.233.175,165.112.207.239,55463,12134
846.8168793694165,18.149.141.254,254.68.40.187,3631,7097
690.2192269913967,149.126.136.46,208.220.144.190,26674,36334
1337.1710649995346,104.238.135.151,132.173.90.28,39722,16306
558.8267682005142,236.224.203.86,96.237.194.31,33377,11219
219.7471738200285,150.235.89.22,3.246.136.24,37814,2561
257.337938976612,92.29.13.210,15.171.159.201,13015,18162
1154.1904159903347,2.29.213.207,231.45.194.8,22192,45352
946.4161918085786,180.27.50.95,71.248.108.115,32123,60626
196.62788037804586,207.243.151.88,103.234.125.57,40409,47226
171.95486886674627,44.205.22.171,208.227.30.202,36943,41188
1066.4052406157239,165.189.97.184,230.146.114.197,32440,62033
155.5063592280806,3.191.118.19,117.221.167.60,61806,25231
1241.6970859710166,23.157.30.39,98.171.126.173,6604,55683
1074.0512293769195,108.111.25.128,151.197.94.134,8078,21643
167.95573193075467,229.111.136.106,184.122.253.238,25114,50716
173.01468542352828,186.144.72.129,108.4.93.151,41411,55686
1480.6273888267044,108.5.3.193,6.32.106.146,16847,25869
592.6926538463745,132.104.227.224,15.168.122.96,47039,25334
587.4311132469918,64.106.98.235,201.229.202.212,38365,38923
1228.5593725233787,217.10.149.128,6.112.120.123,16363,31586
1423.510437206595,46.231.219.155,191.67.106.139,65437,29060
1479.7015425431628,66.169.112.13,43.145.96.132,4515,61776
1142.3983686254653,137.244.164.86,191.196.81.41,1730,9721
595.5763990198278,234.90.58.54,211.133.160.214,32981,18537
171.0760392130697,12.209.206.14,248.198.35.22,16752,44063
1176.8630280947834,121.162.181.121,193.212.150.112,8021,4169
859.6861621169173,20.75.144.243,247.11.205.251,39025,28842
665.1219134081156,223.247.70.56,234.3.137.60,61432,31568
1364.2138583873673,211.101.186.132,76.87.14.225,59121,63556
211.23634934391944,111.125.132.20,18.113.251.233,65014,14124
764.3064012217458,138.24.246.227,73.23.202.83,39547,58729
66.46278491275766,154.37.230.213,125.175.69.47,57136,21128
729.5579308914831,54.232.103.149,116.215.30.25,26187,59824
131.63974973866416,202.38.174.4,156.226.237.248,18742,63392
222.2859785887043,188.57.173.20,112.239.25.74,22996,5091
220.4130578268021,17.119.71.4,206.234.249.238,19255,37987
991.3549380682922,221.14.3.216,58.94.119.127,40643,60049
1131.7650749348638,229.80.186.55,169.25.78.99,13150,31752
895.8847093908814,244.132.120.254,116.48.226.10,24619,33341
1445.1501952880858,24.162.158.82,99.203.11.85,41657,32440
593.5623403093709,147.159.188.60,149.214.173.135,13142,43036
464.28252510869805,147.49.63.110,247.209.192.126,4341,41073
1309.4687358747174,211.150.152.109,64.2.76.121,46004,3533
374.21396585320633,76.30.58.230,42.210.54.251,45139,22424
1446.6726821888865,117.159.100.192,75.16.241.243,62670,49294
67.62398830023369,19.176.173.228,18.227.245.187,44182,7557
1456.3242987260767,94.183.113.183,90.144.6.185,56987,54903
112.58187232833536,225.146.63.116,108.235.175.239,48655,50857
1342.157514862203,113.251.220.251,48.42.76.188,50340,64668
815.1666081751348,47.203.57.252,77.132.231.246,40852,15694
1489.7989543729855,118.45.161.145,130.218.59.155,60366,4956
157.00501886632836,198.4.148.240,27.79.72.7,16528,48387
853.0887123819151,47.219.143.198,191.111.119.174,4081,60497
1455.4886766476934,47.78.124.75,63.232.124.12,27684,46833
808.4918740467158,103.137.90.144,141.254.43.17,38220,39352
962.6280252961307,69.249.244.61,63.253.209.120,1426,37808
1058.835599027695,138.50.3.205,36.213.8.69,9629,24747
709.0845439132712,107.113.94.254,90.208.36.28,58412,61670
959.959216121892,118.237.198.81,118.93.175.76,16785,1743
897.2557522884954,251.109.51.245,101.158.151.144,56525,1098
1356.679115211934,147.170.35.46,14.202.71.237,54333,59661
115.8972514951139,154.243.69.93,180.124.125.37,28067,27522
457.39662490873394,64.165.212.49,29.195.143.228,34659,32369
1428.0966519110102,149.74.192.5,175.174.180.19,14803,21565
1340.8824866418286,100.70.90.4,205.106.21.64,16179,46953
710.7022915392838,126.231.39.242,165.27.55.244,42002,58687
949.1922668122282,163.129.24.57,29.148.25.70,34156,35941
452.2027153226424,100.70.41.182,63.164.130.150,24875,27052
322.7756815994539,174.60.108.188,224.16.146.197,16390,30569
722.3626871629741,57.31.84.152,182.100.30.45,29432,15057
562.3607306377766,217.36.213.158,19.215.34.141,7595,32697
896.3013621837645,152.108.106.158,171.62.118.221,63604,31998
162.715223599228,86.220.135.163,100.22.180.180,50755,59923
1462.8724711159414,183.220.14.120,111.164.73.231,57850,24121
1480.0055794954242,138.80.144.182,243.147.38.70,58913,37999
1062.3344853286303,223.106.217.205,116.239.79.185,15041,28632
827.3397311989746,70.44.73.45,148.9.32.132,40260,24549
498.8150436151752,228.184.107.84,50.82.5.148,5174,58828
1230.0027785750756,82.250.107.185,87.126.75.165,46857,16067
1042.8602002031248,21.196.178.161,22.186.68.221,20447,42870
285.7945620500924,219.7.70.127,44.34.77.42,5161,12749
1370.8444175160716,143.210.160.248,137.106.95.135,31016,37728
1242.679002238595,203.148.216.143,68.147.234.222,46028,43099
1427.2098742732899,176.199.149.170,159.128.163.185,29926,51251
1102.293287163122,154.236.120.128,85.189.159.83,50628,54052
939.4520341068953,142.57.165.58,95.181.32.66,45945,38407
656.4524026213974,21.82.69.131,187.116.138.130,56713,30507
1402.4563008633193,87.218.165.216,194.60.216.17,14857,8289
1305.792639775592,49.147.115.89,96.144.16.46,2405,23787
115.56707165397464,85.128.140.249,167.245.159.107,9178,11140
88.23211302101541,189.169.161.178,88.129.139.119,35259,16757
595.8718819731719,117.196.127.234,85.4.71.154,14463,47684
1225.3023296336578,249.71.86.247,111.50.140.95,20146,26526
1481.5503875066695,33.81.152.61,209.225.203.92,24980,38444
268.10449210011586,61.98.28.186,224.65.47.220,64903,56968
911.489537260596,43.169.167.86,181.106.199.130,59584,44265
602.2917421149812,177.17.98.198,106.24.4.108,56923,10271
1456.3758768311745,238.198.98.65,19.154.203.40,18288,24864
1271.0724385467777,74.85.5.2,50.171.75.237,45798,22082
1265.5766218311499,22.112.57.66,195.12.195.234,4173,50717
729.6050817027069,74.98.144.112,27.113.182.194,25684,35953
651.4882783896145,179.125.167.86,49.144.130.60,63517,19659
446.44025429952404,76.88.239.168,182.30.84.166,41684,26652
131.7444701438443,38.188.59.138,28.25.96.125,21552,32386
1303.8474455698272,99.192.243.63,10.188.42.40,49928,21977
1228.7064632386125,49.192.32.135,225.77.248.105,2192,20152
1499.5906262648894,21.20.154.127,118.42.47.165,46148,48380
1495.1234137571628,68.110.116.214,246.208.237.22,36921,13085
855.3759731238098,143.120.232.213,185.212.242.107,16056,63368
1165.0317520117403,79.214.116.92,27.41.80.162,53821,7065
1419.9103083295206,14.155.125.233,160.218.89.66,36318,13697
1281.9887164822467,168.58.28.26,12.168.73.76,44851,62525
408.65474752763663,113.191.66.153,90.201.10.96,4540,62978
703.2889961996356,248.254.131.200,249.226.176.20,20775,62893
237.28115196966772,44.97.42.244,39.60.66.65,31397,22083
1433.3739895251474,227.6.167.180,179.124.164.152,57514,35352
928.953219953776,23.89.123.178,246.155.130.159,31294,45746
381.53206798002094,171.147.197.51,57.78.194.29,11410,18572
1023.9659923884923,11.248.12.74,15.12.101.156,37347,16102
946.285948663949,8.152.252.220,84.125.103.24,49804,6443
569.3359411476188,41.164.229.85,149.138.110.78,15181,36514
214.65850868946208,72.55.137.47,101.146.216.142,38903,11574
1023.7811336095594,143.176.238.104,162.128.58.76,40544,50646
804.4461663105003,210.42.60.212,150.248.198.36,50621,59784
1169.861668016677,198.12.130.7,173.164.22.206,40156,31361
804.2370766123904,80.131.109.3,127.80.189.100,4650,2492
1285.6631754618832,27.114.107.40,184.217.96.161,21424,25333
850.264916223004,230.161.220.129,173.164.148.18,37667,1832
863.3600587263101,247.8.101.160,38.195.151.224,39289,25771
1321.1477238546004,124.176.107.101,109.123.144.187,17003,7743
635.0501560079757,4.222.198.110,197.196.149.104,12553,62494
244.32208125342908,246.19.32.137,243.206.231.223,56414,17387
91.73488065434151,12.139.46.119,206.198.140.144,17669,29742
1144.9490207267474,16.129.63.109,81.237.87.142,27448,29825
949.4488494625238,119.245.21.158,61.199.46.32,55168,44383
1070.9156637438741,13.162.4.156,15.44.145.169,14406,38865
358.79803418792056,102.250.223.59,54.239.44.98,5049,9036
247.73863960081616,247.128.27.69,5.109.27.116,44250,19053
71.0897652184288,25.131.97.196,87.104.123.206,14868,47684
558.3519602695656,25.148.162.154,79.43.97.245,58459,42041
905.380645939218,126.254.133.227,31.99.17.220,54398,51305
618.7538653946118,189.220.221.9,83.110.182.190,5199,48939
684.3386369344072,116.230.178.134,215.32.168.141,31543,51529
1361.0301070159353,211.60.172.121,251.212.35.133,61677,1791
554.9704271837854,139.194.175.108,201.29.70.153,10198,4919
795.2847592817257,108.201.213.216,95.22.194.173,4467,59050
1186.2968684746575,226.214.131.76,69.252.219.89,22419,53630
624.9870343658417,220.30.218.240,72.247.129.212,11749,43992
952.0257153304166,21.156.248.218,172.87.96.75,34485,41121
1300.4273776827804,190.161.213.163,167.239.54.88,62488,16356
1426.804904303581,180.34.41.51,203.157.54.218,42139,15645
263.25654734710497,175.82.58.75,16.99.20.46,45572,12358
1393.5520564841668,185.23.176.128,195.193.127.58,32375,19198
763.5686249653304,150.17.69.108,181.111.129.81,19220,59845
424.4543630334896,139.94.15.91,194.157.84.70,47633,34677
715.7468465454789,163.33.212.125,8.29.112.179,15278,41526
1471.0472341639418,16.162.66.227,161.131.188.163,15045,37698
764.2962362896609,168.248.156.47,197.219.108.204,47160,38284
526.6898349168869,167.198.201.148,212.109.20.73,6748,43522
968.4312387592523,124.1.200.247,167.4.243.246,29714,3097
398.21114722837996,87.128.191.67,19.102.219.173,2431,50488
160.0018257575627,4.186.153.47,171.141.141.188,9056,7293
236.87559677044138,38.143.191.21,185.86.220.52,59584,64052
235.66646648877003,227.57.117.181,111.181.109.86,48364,55493
270.2589055928268,46.244.142.228,43.211.200.244,18818,18218
251.29940034164468,204.145.39.137,200.42.90.240,20905,27835
979.2683799646612,99.252.77.207,115.26.151.43,21780,7865
313.72612237876,210.115.225.134,77.156.137.20,41186,61225
551.2175608196017,251.219.151.187,184.211.240.39,30440,44747
1350.3431943637172,91.98.120.46,179.12.207.223,50727,35824
737.2443783811649,38.142.100.245,183.206.11.154,45378,10723
1017.9587208554894,72.190.35.147,42.155.11.38,26776,46529
299.8638132423633,30.78.251.84,98.171.19.192,13950,11786
328.8190772725726,113.25.168.88,134.174.116.230,54508,60262
109.25949358639434,14.154.102.215,113.170.220.65,34789,63841
294.95584145463863,150.176.249.83,99.232.72.187,54252,40921
453.95599159634,110.179.131.170,52.118.175.120,15414,52881
306.6652022012829,19.201.28.212,7.11.103.61,39891,42580
178.61867394773063,173.71.206.63,68.153.140.154,22963,3171
224.92201309587116,73.251.124.119,102.110.140.171,28331,34407
718.1292136474524,121.252.19.175,51.117.165.46,31852,34739
349.1838916883991,244.142.120.166,53.88.208.121,29537,39469
578.1912985197094,181.61.164.168,13.89.125.118,54228,54827
779.9550427395425,209.30.9.64,54.185.116.118,55479,62741
1051.0725015125797,161.120.52.89,4.75.224.49,25526,62132
107.00260276959347,142.203.53.227,7.110.122.11,31087,41658
1209.1450784181118,233.187.78.222,92.182.233.215,23510,3037
960.4555647618163,41.196.251.68,173.23.242.28,47301,21105
168.55059632586426,220.8.2.105,235.111.57.26,39282,17898
1316.689004954827,125.110.86.169,153.54.29.211,58740,54526
1385.264980771129,120.127.183.16,97.164.14.78,32716,52604
138.56304178955244,221.62.113.176,35.30.92.17,39408,38779
451.4725898134454,158.12.35.11,195.208.238.158,16982,9757
1218.991855699939,64.238.50.213,244.93.173.79,36040,10503
1134.9765510563045,149.69.48.20,110.248.217.179,18256,10849
317.5554780667471,101.195.172.161,102.106.251.47,11772,22328
353.5565188382299,245.253.201.189,181.64.246.244,63809,36718
587.1845490475039,137.68.35.209,250.166.64.87,11538,59720
752.558328526981,226.216.224.65,217.234.7.22,23762,41074
946.4694187189291,8.45.87.175,81.210.241.169,9719,16659
584.92477737617,168.76.182.76,74.138.185.135,9094,49639
720.6753383930644,174.47.15.105,240.125.50.230,28789,21784
1133.832860293947,147.26.52.93,219.52.161.1,42686,10514
103.19064419136696,150.232.21.51,236.181.188.162,53801,22276
416.0335692988301,38.20.249.157,4.145.132.171,31785,40778
1084.3568995326011,179.132.55.199,246.218.4.1,17722,7886
1348.049914646439,92.28.4.150,71.222.178.201,16147,45951
791.9322910677159,76.173.67.86,189.35.8.253,36168,5447
821.5645536347077,236.194.216.162,152.211.36.178,26640,11474
205.3994164426753,91.183.105.1,244.123.43.27,38170,57046
698.7479318940092,72.87.166.6,32.78.121.146,12206,63386
822.2950363597836,214.153.210.145,156.252.157.16,25857,63015
401.582230270358,61.12.6.218,99.47.251.187,34366,41951
440.4026848766024,27.136.211.124,31.4.165.17,63037,35865
597.0620365017029,106.193.185.93,39.48.174.218,32355,23578
79.10323677770323,109.241.99.168,176.39.233.132,47122,50877
517.0147900956085,142.35.176.237,30.158.22.203,27152,32850
356.59961014498975,84.56.177.141,66.108.12.222,32580,43903
524.8711606579762,189.230.49.46,36.18.90.181,62886,58289
223.65509113791427,113.190.136.43,199.253.1.127,22993,7849
1341.2645570728478,148.124.97.90,186.90.87.90,22900,44444
910.7090576533706,39.85.245.177,237.134.70.44,9973,13478
1034.69836275951,192.62.106.107,200.152.86.19,52986,25275
1194.2982959806404,54.126.233.9,101.146.95.254,25542,21672
772.741188447133,88.37.49.41,101.30.249.170,59472,41760
176.03441772676433,17.88.21.51,33.202.229.12,6694,25554
828.8044856368942,59.167.183.41,118.94.155.167,25123,13540
900.9196211302748,39.141.192.11,137.246.149.76,40359,48082
1130.8872375672786,238.147.139.77,247.29.161.235,13740,41568
675.9063420330351,127.46.45.1,190.117.15.2,53635,9582
234.99143905356746,168.108.19.76,180.231.117.172,39909,9743
461.4750634081505,72.200.189.245,182.18.3.135,54168,5910
576.4693297780209,109.12.189.240,171.210.236.166,8861,62086
986.5799999308218,161.45.90.103,165.186.161.108,50379,29209
877.6285417699222,220.250.197.8,187.95.122.11,48323,54111
566.340252551877,153.91.174.87,68.123.210.196,20183,38411
1480.4471107498205,158.237.175.215,113.98.93.216,60700,22599
928.3734880674864,177.175.84.82,22.194.172.127,52168,47748
393.978848017192,146.194.68.222,134.170.25.247,52419,44137
197.58458529958543,161.127.164.82,185.85.55.251,42290,40667
271.64575181728145,229.147.239.156,144.95.142.167,51863,11124
406.6387061575368,168.84.113.225,156.224.220.179,37901,61380
282.9879912263557,76.122.243.143,119.177.9.186,52036,8880
320.52218487439336,41.167.2.191,173.150.160.197,60329,39193
463.3879946060783,29.105.202.194,215.197.42.53,22584,29828
301.39171317739454,51.75.205.10,224.187.74.251,18130,65045
1350.3098657083165,142.210.51.118,39.122.15.199,59147,36814
166.3389312093812,201.121.39.28,157.123.111.131,47313,32012
810.5415148768693,3.84.198.155,83.10.92.29,9744,45467
645.0753991350092,117.2.93.166,207.35.6.140,38685,11936
1474.4489945174794,131.144.94.40,111.38.77.93,50519,39530
212.4564081436759,2.81.169.254,147.67.136.8,29386,48918
626.8906186163254,12.163.235.65,247.122.84.175,29282,23392
1455.7321282492849,55.45.207.218,132.179.85.195,22806,2794
1304.9853325462714,101.213.62.49,45.136.87.16,42192,13329
1234.754502876456,127.223.153.23,77.195.240.9,22144,10993
423.9590992151628,152.249.38.28,60.78.77.245,20814,13428
297.78700171559547,21.182.107.146,249.71.15.71,59679,10013
1019.5326688904249,164.99.173.119,102.226.169.22,60667,37007
1397.5951842349994,73.181.230.122,152.113.229.172,28936,45772
857.3061948701982,30.188.108.98,1.10.235.208,48398,40486
878.8383997313548,32.195.195.156,110.200.184.113,43931,20384
455.9696858074121,172.79.41.63,217.50.12.89,51095,21145
1165.7647531283085,23.104.75.48,209.188.154.238,55995,27311
321.2134354084089,160.250.251.57,112.78.169.164,35836,50928
519.3348927861533,118.100.124.161,121.23.171.134,50594,44453
666.8828359938043,152.167.34.184,239.197.171.25,51925,62337
786.0350490924598,156.165.7.196,18.190.141.43,61210,35184
401.49411200186637,165.56.65.193,78.28.146.59,57554,7813
216.51339587184512,47.148.19.157,188.63.185.92,63852,28205
935.3990615403673,202.188.146.220,179.56.155.160,51275,15409
468.51430219837084,163.171.239.223,111.137.232.224,37184,18085
892.7954210627878,219.126.139.49,212.220.225.68,20180,1129
273.8259371475933,113.38.64.69,46.249.226.240,11696,45271
747.6531476894853,136.162.176.116,67.154.136.6,15468,22161
822.2546771997995,184.204.230.65,208.24.176.231,7808,35738
125.14412839251902,31.132.113.109,94.173.13.197,18953,6568
538.0762033811848,178.69.158.120,25.148.118.82,2094,51271
244.90128156151266,88.187.67.75,111.82.66.202,23930,14299
141.89370718551322,45.4.154.155,247.45.114.175,35642,40777
1485.4423369654205,174.246.107.192,63.76.239.205,63583,64272
517.4130752133483,219.234.51.50,114.111.249.183,55229,35574
1224.3179464892205,6.59.125.143,203.147.35.231,46182,54717
419.2289494074576,245.30.170.229,53.26.238.14,3963,64412
1038.1789472246974,122.125.37.170,118.45.172.216,65365,20665
1152.3303968400455,124.101.35.87,233.193.51.171,30865,7237
913.6761738813742,134.196.18.252,119.214.151.184,43887,60365
733.7854733977297,201.113.29.77,246.19.82.76,17325,15509
647.1693255135393,59.175.126.244,183.220.92.188,8218,16629
555.8589864873431,145.109.224.240,187.33.147.28,6875,38661
1397.8172591593475,22.68.69.165,123.180.253.126,56849,51737
1254.3981412922074,233.49.141.162,177.37.154.99,17402,21414
1449.2890204664432,109.86.53.123,98.127.227.168,1702,10891
230.23097405403985,87.179.131.42,80.38.77.126,31664,59490
1109.757839045284,98.160.109.51,87.252.54.150,34780,5005
1410.593662390505,250.241.85.174,16.28.240.163,30801,10517
312.78794594020724,127.236.21.44,188.173.46.72,60843,6706
146.41958768182735,139.103.68.243,236.183.247.214,27207,6806
1124.6249414705856,129.92.191.24,85.26.232.85,28469,51119
882.9860141108722,125.227.141.111,153.233.65.134,2526,54726
1270.6517262994944,98.139.228.179,151.115.64.87,51965,30823
252.66994610811977,253.17.99.252,171.107.151.96,22689,42929
1203.1376021968408,82.104.214.249,158.77.235.146,17222,18008
342.35961406922956,152.250.19.165,87.207.225.149,22435,61068
287.3011171552715,231.85.8.28,57.103.151.91,51601,46804
288.1854069999398,5.145.101.164,45.172.210.88,16891,23784
1231.133344335504,118.147.64.91,115.47.168.179,63525,27017
1014.5359700094901,117.98.11.54,170.135.50.176,15290,2548
808.444865915223,173.47.140.246,84.91.134.91,40446,53942
570.3042019790786,149.246.139.231,137.245.109.57,36232,50426
1321.940784179007,220.5.209.184,31.21.90.40,44026,27144
619.0454057628214,20.169.46.250,112.45.77.177,57032,1102
1234.0691872337868,12.70.17.115,87.148.101.246,32237,36915
686.7456174268167,147.154.48.108,117.92.145.28,8391,26497
596.569422666116,236.52.96.70,169.194.25.58,59646,40856
720.8856892209293,183.250.228.102,242.41.134.75,14514,46860
486.997917538006,75.161.190.216,249.253.38.134,36386,9441
1134.033601255564,151.143.155.203,173.75.142.66,54865,14386
778.9445656340947,192.249.243.242,168.3.247.117,52612,2233
386.7084079628851,209.179.181.206,99.225.152.19,39309,38945
1354.3831312481243,219.82.92.179,146.192.241.116,62171,5922
606.6422709911566,175.239.4.135,125.88.237.35,60573,63205
838.1516486152834,109.163.48.73,190.1.228.153,10243,19586
1364.384560898593,72.116.173.81,173.177.252.126,7334,65534
955.1450940752885,81.113.225.96,235.226.89.144,37331,11895
219.5021590271279,72.147.63.38,226.221.147.151,30655,8634
1412.756579239539,67.187.69.13,211.25.16.182,15768,44869
960.1766769535559,175.238.189.31,243.73.129.42,20891,28406
535.6131412527749,247.208.114.224,147.225.162.80,57547,16815
251.94450536191152,22.93.214.171,236.104.183.146,19649,59071
1201.3365244419292,67.54.138.42,34.89.125.45,7402,36336
949.1054960963446,64.126.21.208,134.21.122.70,20173,39314
823.5185833656662,204.194.169.152,96.105.48.235,43157,3394
1346.1442454238886,35.184.30.57,39.31.234.10,12446,20689
1193.4659562755696,222.47.163.19,30.249.244.18,28950,5734
269.9285756124892,114.8.26.113,188.88.244.125,38703,1352
501.99699830354496,232.71.30.135,73.223.15.4,34195,47475
410.30925273097535,67.65.36.25,191.168.9.109,14204,39371
1128.7221242303815,37.1.143.37,137.154.132.209,28325,21636
98.6220303668801,141.232.136.133,16.143.99.121,53558,46914
876.340043063409,188.128.201.127,52.69.247.5,37955,7818
1155.5650943240012,1.164.35.194,20.79.146.111,25038,33912
1321.3101733045366,191.104.23.9,2.93.13.4,50263,7773
546.0185356380658,34.174.206.128,170.109.74.189,31960,47555
1240.8230917744186,4.158.223.102,95.105.8.67,15360,51140
210.41601858505047,75.99.72.3,240.191.110.9,59526,21632
1277.3558230150513,142.188.205.173,222.117.11.99,23224,16474
234.8585603813745,224.34.45.61,229.253.42.141,6494,4699
626.0665713125326,83.123.102.16,164.120.141.12,31883,55870
1206.0782803803527,66.168.145.119,37.74.252.248,15977,19484
267.380269655722,162.234.124.144,73.52.199.130,40068,57041
382.41452308733017,102.188.66.194,246.56.60.23,39531,39435
1097.266224169946,218.13.184.111,103.40.64.231,54449,58700
1094.052977991808,159.252.34.39,85.151.157.206,28457,12584
979.6640676836811,195.136.215.206,218.179.197.247,26981,55425
1056.225244477295,120.126.55.27,223.89.31.178,7547,51492
836.9504428540145,118.221.231.53,20.236.183.209,22411,51372
415.1086354150815,39.65.145.233,237.130.153.13,58214,33487
551.2591905806833,158.181.13.21,122.103.220.106,48785,32687
313.3166893620672,147.53.19.57,119.70.195.186,32193,49175
1367.253313933761,25.214.31.81,99.82.75.118,46665,4194
895.9181024108747,183.23.32.190,84.192.69.211,24014,59797
631.2345543072778,74.10.228.200,214.59.188.211,30685,34147
719.9084152839924,54.52.148.160,126.111.62.144,14443,29834
1423.5608424371321,114.14.178.156,128.216.105.68,15481,10742
272.3595345183163,110.244.53.152,15.217.236.183,3088,62265
900.033256424356,79.22.30.191,35.183.14.177,39107,63661
783.5385843824756,4.205.59.215,211.102.100.7,11590,1052
936.6086413802393,8.210.12.119,30.211.49.217,34109,63394
76.25976654021873,159.206.34.82,144.111.246.232,32552,48623
1314.5796679690197,248.98.127.75,179.72.210.220,51678,18421
1401.571509601238,105.204.49.79,80.244.83.42,7154,44686
869.4431162043529,185.223.241.250,17.191.173.205,41211,42811
1060.1436946214938,93.154.18.96,7.155.10.34,3066,46430
1387.6241027070787,214.38.209.87,36.153.6.152,5622,48681
1075.496019754428,88.50.8.169,146.215.134.29,44006,3048
271.1816122256789,134.69.172.121,126.153.183.81,33910,58666
885.6181222418791,64.157.156.139,174.152.75.26,34501,39631
929.7368172551411,121.65.107.147,127.115.126.226,49649,60233
664.9894733884597,137.155.162.172,28.131.75.166,53733,62384
1117.844141655848,196.100.82.143,189.78.179.90,29740,14527
1404.8321714150716,51.141.83.177,176.21.54.184,13625,55967
1392.0743437148258,198.112.56.204,103.222.59.72,37042,11327
703.7170885359916,179.165.145.186,179.20.112.224,9085,18162
214.1951664690951,215.218.157.161,214.59.71.137,9633,26369
1478.0197384953851,60.219.217.120,109.129.157.191,36395,53911
1266.4022253466044,183.138.175.23,200.56.246.196,45838,51414
230.76088774473692,213.149.235.13,35.123.131.246,18509,30529
1385.2207297951898,101.161.24.108,237.104.7.27,21829,60581
1311.349724990086,11.17.196.175,1.219.208.230,8881,2930
802.3151828328046,25.94.201.21,199.172.87.41,12644,41191
907.3493818301474,84.211.211.140,123.75.42.117,9201,8985
628.5539206116889,37.42.145.101,161.178.63.228,31135,27164
129.40437629194543,246.48.103.28,165.233.187.127,56258,59586
536.0360003865563,41.99.47.240,209.227.176.133,24066,54777
1214.1375004671165,146.206.227.236,48.224.3.116,19669,59725
56.716433356674145,105.124.199.233,175.190.99.116,25429,13055
533.573798952159,13.210.229.141,14.191.112.253,62537,16152
627.3446057068678,100.31.130.16,61.159.95.17,12850,16687
829.2236242599881,137.73.166.203,124.24.116.151,14914,65344
1383.7906437985027,54.184.214.225,82.50.246.206,17916,35252
552.2016918306438,100.109.87.173,242.79.79.70,52555,16706
553.0821427495301,237.162.137.216,27.15.50.36,61532,57845
1119.376809759135,8.7.36.18,247.8.79.131,59055,16217
705.7160142902204,3.28.70.236,190.47.205.105,54928,29585
375.67699326297384,172.149.28.232,98.216.232.96,47622,51592
706.0372983924054,54.182.65.100,189.160.222.116,10508,44837
254.2426795507098,21.252.235.227,241.13.1.34,6519,8790
305.7611304340238,13.57.49.118,190.79.236.78,29505,30868
772.6332704722456,54.138.53.44,121.93.98.82,12291,30456
657.4419017815944,47.53.74.46,246.199.221.247,53385,30528
1376.526556548745,13.165.102.24,159.192.253.153,41190,51604
575.471153719118,2.214.81.100,38.14.136.91,7767,38170
891.853107903163,142.138.163.153,54.130.209.101,55824,41321
966.783217483319,131.111.102.17,206.89.56.94,38963,21882
68.98696205308377,12.182.116.24,93.84.85.189,49797,62661
1012.1291894242304,29.171.153.228,245.22.35.229,58066,61430
308.15215196113957,122.188.90.230,16.50.122.128,50500,4095
1443.55196033071,65.84.119.156,113.171.17.80,63455,17963
265.5609552420138,16.175.209.104,186.247.130.132,27593,25955
651.2049794041844,92.186.204.27,85.167.226.94,29576,51739
173.7570187140336,246.181.170.187,134.81.231.217,46796,45484
1495.4676651766238,175.222.233.162,69.69.148.192,44754,2064
778.1827649803017,165.134.135.224,16.51.105.165,29972,3710
913.3082751140635,224.245.153.33,232.201.197.170,11799,13690
147.26089221321985,55.186.7.244,185.66.9.107,4581,63143
1137.4426820788078,57.126.12.16,100.86.64.214,4611,36345
354.3631099885994,208.43.117.228,22.162.183.157,17559,2803
1352.178719689035,205.135.228.111,166.251.110.97,1978,14210
347.4524786989104,51.201.160.75,18.71.193.127,47586,17483
326.49719496231654,8.225.215.217,97.1.216.132,54530,21734
102.99701837973757,248.200.45.214,4.125.82.27,60739,23243
734.4970704094989,59.132.104.195,171.59.32.161,24568,6081
869.0196432307938,157.233.157.98,28.106.105.183,63332,61687
145.27752717111093,226.156.205.79,228.188.70.62,59559,19757
1174.5150442077654,124.215.172.218,208.34.87.114,34479,20181
707.26881038464,4.90.104.137,106.216.56.113,42293,36054
810.3658905249911,119.133.56.96,13.184.18.182,16162,20637
689.1059830604308,212.178.75.143,205.113.229.171,43486,44100
631.1064382692226,32.28.22.233,39.189.170.209,4151,50568
861.478480396916,17.59.90.236,79.146.151.182,24171,18516
275.09835659953313,199.106.185.26,243.30.250.98,46552,21770
313.7957892181431,25.138.251.45,58.196.67.71,12583,6212
1299.5891504696,83.11.205.181,248.146.106.7,48588,42594
1421.8674200937676,200.104.68.239,40.70.214.250,4419,63834
591.2985086056418,95.156.203.235,193.68.238.49,26413,30704
442.57977605815296,65.49.175.52,52.114.107.29,1869,38849
983.7993376965728,102.216.182.188,149.218.78.9,34956,61143
642.6645480922398,57.47.159.233,251.175.76.42,46746,37790
86.81021570750005,174.242.26.241,179.184.179.198,64773,9888
276.42126618097603,114.5.84.52,128.20.216.155,39696,56742
1088.1597318287263,105.203.248.54,166.72.65.182,14755,37469
1005.4397157697194,161.178.166.155,241.113.24.128,60135,6820
89.28918913005106,226.15.224.61,175.199.83.214,55536,48242
371.85963480277667,122.21.46.197,63.185.183.60,34146,40155
385.05845505270355,134.38.62.86,99.62.30.221,52048,9147
1024.2444782181562,190.210.78.202,22.203.212.126,52200,9246
78.58027974382803,46.141.223.222,157.243.169.42,36609,25098
200.95744387763207,3.222.6.93,98.193.31.158,4856,47446
1209.8783237911246,8.172.237.235,112.146.247.122,33356,51576
308.88975997878373,108.161.209.240,17.38.142.215,13491,30849
996.4818563852183,75.77.50.11,217.207.110.184,42049,37863
395.36503251775343,95.156.236.70,22.195.56.119,14131,42600
194.19001950105047,169.16.68.99,147.57.172.226,63835,63002
402.5996769492084,252.48.184.64,35.114.125.129,13482,3810
1097.2870511907058,187.90.190.249,52.85.221.198,29690,57345
1290.7598787541144,76.139.101.89,165.65.179.129,44505,34662
1253.818803622138,18.19.215.55,219.21.181.16,3605,37988
625.9161179467595,102.118.210.154,236.123.61.54,10606,45588
1018.7234480274369,134.4.108.115,168.26.80.220,59498,27012
347.2272283529404,29.59.125.98,65.100.74.192,52662,36531
475.06420887846923,17.107.43.245,171.17.121.187,59202,34732
1349.6869368556236,80.194.162.247,23.135.172.181,9442,34132
68.85278909056726,8.141.106.8,71.108.79.162,29115,61276
173.9873697389787,222.96.228.239,46.237.196.206,30137,30739
351.4350699617396,94.65.171.39,78.16.71.96,19851,24830
88.47169561703859,81.187.84.88,147.2.10.178,59095,37925
313.0813808802061,242.86.93.86,125.81.229.140,64068,18067
895.4102634060537,44.137.165.74,70.150.32.105,15443,11249
661.0655983591221,36.101.220.156,84.129.182.239,62054,10776
1344.3739810616134,170.171.213.216,245.58.198.211,12838,4481
1235.2931645207393,170.252.104.66,146.134.45.97,34828,43640
545.6351599619202,55.200.176.91,23.23.154.205,11048,53151
426.1639784753741,22.101.155.121,135.79.44.27,64312,10265
600.553991842537,93.195.108.141,26.97.207.36,44724,1477
905.9276666464713,173.10.228.9,109.55.192.219,58860,10920
438.6922791931706,182.248.247.155,185.69.61.130,8459,58360
955.0159163812443,34.243.129.160,55.122.97.80,2572,22850
643.6468956772986,89.93.71.241,87.38.119.208,59511,12000
850.4684122353714,67.212.148.117,78.157.154.35,6089,49664
682.3834672462092,94.163.99.113,79.67.87.157,23904,34610
476.9753513357806,103.91.90.206,34.97.169.169,56359,5892
1425.2572950951271,17.18.173.116,151.71.3.58,54133,17420
1157.2284015316532,93.212.181.91,32.31.82.43,4431,32658
253.16410486135618,82.68.193.114,135.105.1.61,34431,13195
1309.2785650519736,1.58.154.109,14.180.224.6,33964,25135
756.7752374617947,148.116.87.10,103.10.71.90,6690,34712
1347.1007289964325,59.203.41.105,226.158.228.149,38146,22328
1209.7901211236072,133.122.193.145,126.188.209.97,54135,52594
666.5595814803885,22.98.248.237,74.115.191.239,26116,43298
82.58049706417023,169.221.68.197,170.51.192.204,65241,40267
439.5821711081718,139.56.179.149,56.208.41.32,58890,29277
835.369611258257,99.76.26.115,15.62.155.28,11133,32004
968.5434187479135,147.109.188.199,209.64.238.187,36678,3041
423.93714387814333,47.247.71.154,242.186.130.127,35956,8981
252.06630740559498,40.133.149.206,36.114.199.13,64695,50022
1260.6488433589836,132.23.106.84,15.89.215.188,27529,43212
1477.3831620201506,143.242.116.109,22.191.218.225,37737,5816
812.2507643388944,221.136.41.112,203.74.25.101,55411,57006
298.9349644800401,147.112.103.46,176.171.117.166,44193,14261
444.84562345308495,156.238.249.219,41.173.88.168,8770,52610
76.66648099382677,68.122.15.227,110.120.97.145,12999,17275
1375.7332695127236,165.129.195.111,216.229.57.130,52766,20276
220.73907019070464,24.27.40.191,96.121.252.62,41546,11731
885.9488894956677,189.164.226.221,216.137.68.81,16620,35230
447.3800699964487,24.24.234.4,17.117.50.112,55110,29764
853.5581036479005,67.34.185.177,94.168.186.203,54252,4567
994.5595631102032,215.181.248.116,85.149.146.183,38977,45159
1253.1256153754423,23.109.69.95,157.152.74.109,34885,51957
349.31084405287464,254.181.62.169,145.18.42.240,4904,49312
65.9439515547967,57.253.249.188,212.101.45.82,44478,40135
248.48416359977054,54.70.101.57,17.73.14.177,56735,36055
1355.0270306797524,138.168.135.103,157.223.132.82,44563,43953
1317.140612465647,166.85.61.212,251.148.120.120,44472,1235
916.248998146947,3.128.179.86,47.107.108.9,3809,58875
920.7494476287974,47.196.220.76,205.79.155.15,23473,56335
1014.3031780920704,38.243.164.239,220.229.247.19,15823,47601
304.2883540040019,169.197.141.87,90.180.26.217,50072,40819
1375.8973215911917,58.50.30.190,154.154.174.92,40331,1355
657.2172610935061,101.25.112.155,177.82.224.181,61126,24268
605.5508659617714,179.206.185.126,131.194.225.42,51750,58220
802.4306726601144,240.123.47.118,19.17.236.161,49808,9193
118.10065182382982,228.39.16.248,76.177.184.63,55852,58918
291.1108846963151,22.213.54.149,131.107.49.55,48522,23128
1120.148743818237,200.241.16.59,154.99.200.52,44357,42925
170.05806849143337,247.31.170.202,100.117.118.7,41852,15615
924.5705587262629,32.187.162.254,46.46.100.144,5014,32735
405.75620903791537,9.209.139.224,152.189.54.62,55386,49917
614.4786403608659,10.214.249.17,129.49.25.10,55021,1751
468.6059183175148,68.48.180.111,118.208.144.186,59461,22383
565.7254388741762,153.123.149.101,200.157.231.92,51365,44846
1092.616562517156,102.241.65.191,134.144.148.80,20097,37035
480.8264876536038,217.51.36.81,71.233.78.43,37887,50824
871.286728430501,233.127.88.194,154.90.78.199,15573,38887
740.2730831886945,104.15.96.167,161.26.121.45,19283,47601
1012.3231897758398,123.198.1.239,212.63.195.180,57944,24022
1408.403122020899,151.122.167.253,68.253.154.203,20814,11953
1112.2295409548628,126.57.81.162,2.142.108.30,11003,64076
361.6635489565973,251.169.221.73,49.140.218.44,64880,61115
95.21554583886277,141.70.6.84,161.13.78.216,21340,15866
430.2828642347464,52.245.3.81,126.98.236.26,27207,24543
912.8629995153696,63.49.76.112,149.156.48.228,29348,18417
124.567429552163,175.109.183.192,168.66.234.201,25648,35342
769.7310584417927,65.81.195.218,87.79.205.23,63539,10019
915.4221309294894,15.100.32.96,81.254.48.124,39200,29680
534.6536416845931,128.196.146.113,130.84.20.187,21269,48958
1167.8226954314418,83.43.116.163,46.131.183.12,47729,41284
204.56746704396912,232.78.58.33,40.66.100.78,24814,46293
158.9497835169227,14.162.189.247,16.83.162.44,27780,16591
1105.8736964952247,132.216.59.157,253.238.134.205,61414,29864
768.4624084989878,83.134.121.225,192.100.22.18,3857,53577
1048.1834748202173,177.168.83.245,12.180.123.246,6309,24855
680.499640975432,193.197.27.80,222.117.51.232,10613,14289
407.28294819670487,134.232.13.240,71.224.48.19,48500,6448
1237.6983606275896,64.190.227.147,6.84.155.53,15140,21649
1209.1530245050199,204.80.123.43,107.101.48.135,8669,15110
1057.3098827389188,202.89.148.95,187.69.11.143,45810,30211
444.6104489834459,196.172.151.2,192.131.122.69,30174,36953
905.8344669601763,120.22.115.57,23.181.37.9,59199,62916
573.4121505630388,229.72.7.206,15.131.93.198,11913,21563
182.79400632361953,184.119.195.114,17.154.149.72,31310,57654
1380.104684420252,16.247.83.179,149.121.11.166,38569,26127
248.38701483249403,210.244.208.72,72.106.216.125,17018,28898
1427.8441630401635,124.225.113.12,35.119.14.247,36527,10239
696.7083707890358,126.53.75.133,14.10.140.38,47403,40409
